{
    "parent": "x:echo",
    "display": {
        "icon": {
            "id": "recovery_compass",
            "count": 1
        },
        "title": "遠古之力",
        "description": "用回聲羅盤消除一件工具或裝備的附魔懲罰",
        "announce_to_chat": true,
        "frame": "challenge",
        "show_toast": true
    },
    "criteria": {
        "bow":{
            "trigger": "recipe_crafted",
            "conditions": {
                "recipe_id": "x:repair/bow"
            }
        },
        "brush":{
            "trigger": "recipe_crafted",
            "conditions": {
                "recipe_id": "x:repair/brush"
            }
        },
        "carrot_on_a_stick":{
            "trigger": "recipe_crafted",
            "conditions": {
                "recipe_id": "x:repair/carrot_on_a_stick"
            }
        },
        "chainmail_boots":{
            "trigger": "recipe_crafted",
            "conditions": {
                "recipe_id": "x:repair/chainmail_boots"
            }
        },
        "chainmail_chestplate":{
            "trigger": "recipe_crafted",
            "conditions": {
                "recipe_id": "x:repair/chainmail_chestplate"
            }
        },
        "chainmail_helmet":{
            "trigger": "recipe_crafted",
            "conditions": {
                "recipe_id": "x:repair/chainmail_helmet"
            }
        },
        "chainmail_leggings":{
            "trigger": "recipe_crafted",
            "conditions": {
                "recipe_id": "x:repair/chainmail_leggings"
            }
        },
        "crossbow":{
            "trigger": "recipe_crafted",
            "conditions": {
                "recipe_id": "x:repair/crossbow"
            }
        },
        "diamond_axe":{
            "trigger": "recipe_crafted",
            "conditions": {
                "recipe_id": "x:repair/diamond_axe"
            }
        },
        "diamond_boots":{
            "trigger": "recipe_crafted",
            "conditions": {
                "recipe_id": "x:repair/diamond_boots"
            }
        },
        "diamond_chestplate":{
            "trigger": "recipe_crafted",
            "conditions": {
                "recipe_id": "x:repair/diamond_chestplate"
            }
        },
        "diamond_helmet":{
            "trigger": "recipe_crafted",
            "conditions": {
                "recipe_id": "x:repair/diamond_helmet"
            }
        },
        "diamond_hoe":{
            "trigger": "recipe_crafted",
            "conditions": {
                "recipe_id": "x:repair/diamond_hoe"
            }
        },
        "diamond_leggings":{
            "trigger": "recipe_crafted",
            "conditions": {
                "recipe_id": "x:repair/diamond_leggings"
            }
        },
        "diamond_pickaxe":{
            "trigger": "recipe_crafted",
            "conditions": {
                "recipe_id": "x:repair/diamond_pickaxe"
            }
        },
        "diamond_shovel":{
            "trigger": "recipe_crafted",
            "conditions": {
                "recipe_id": "x:repair/diamond_shovel"
            }
        },
        "diamond_sword":{
            "trigger": "recipe_crafted",
            "conditions": {
                "recipe_id": "x:repair/diamond_sword"
            }
        },
        "elytra":{
            "trigger": "recipe_crafted",
            "conditions": {
                "recipe_id": "x:repair/elytra"
            }
        },
        "fishing_rod":{
            "trigger": "recipe_crafted",
            "conditions": {
                "recipe_id": "x:repair/fishing_rod"
            }
        },
        "flint_and_steel":{
            "trigger": "recipe_crafted",
            "conditions": {
                "recipe_id": "x:repair/flint_and_steel"
            }
        },
        "golden_axe":{
            "trigger": "recipe_crafted",
            "conditions": {
                "recipe_id": "x:repair/golden_axe"
            }
        },
        "golden_boots":{
            "trigger": "recipe_crafted",
            "conditions": {
                "recipe_id": "x:repair/golden_boots"
            }
        },
        "golden_chestplate":{
            "trigger": "recipe_crafted",
            "conditions": {
                "recipe_id": "x:repair/golden_chestplate"
            }
        },
        "golden_helmet":{
            "trigger": "recipe_crafted",
            "conditions": {
                "recipe_id": "x:repair/golden_helmet"
            }
        },
        "golden_hoe":{
            "trigger": "recipe_crafted",
            "conditions": {
                "recipe_id": "x:repair/golden_hoe"
            }
        },
        "golden_leggings":{
            "trigger": "recipe_crafted",
            "conditions": {
                "recipe_id": "x:repair/golden_leggings"
            }
        },
        "golden_pickaxe":{
            "trigger": "recipe_crafted",
            "conditions": {
                "recipe_id": "x:repair/golden_pickaxe"
            }
        },
        "golden_shovel":{
            "trigger": "recipe_crafted",
            "conditions": {
                "recipe_id": "x:repair/golden_shovel"
            }
        },
        "golden_sword":{
            "trigger": "recipe_crafted",
            "conditions": {
                "recipe_id": "x:repair/golden_sword"
            }
        },
        "iron_axe":{
            "trigger": "recipe_crafted",
            "conditions": {
                "recipe_id": "x:repair/iron_axe"
            }
        },
        "iron_boots":{
            "trigger": "recipe_crafted",
            "conditions": {
                "recipe_id": "x:repair/iron_boots"
            }
        },
        "iron_chestplate":{
            "trigger": "recipe_crafted",
            "conditions": {
                "recipe_id": "x:repair/iron_chestplate"
            }
        },
        "iron_helmet":{
            "trigger": "recipe_crafted",
            "conditions": {
                "recipe_id": "x:repair/iron_helmet"
            }
        },
        "iron_hoe":{
            "trigger": "recipe_crafted",
            "conditions": {
                "recipe_id": "x:repair/iron_hoe"
            }
        },
        "iron_leggings":{
            "trigger": "recipe_crafted",
            "conditions": {
                "recipe_id": "x:repair/iron_leggings"
            }
        },
        "iron_pickaxe":{
            "trigger": "recipe_crafted",
            "conditions": {
                "recipe_id": "x:repair/iron_pickaxe"
            }
        },
        "iron_shovel":{
            "trigger": "recipe_crafted",
            "conditions": {
                "recipe_id": "x:repair/iron_shovel"
            }
        },
        "iron_sword":{
            "trigger": "recipe_crafted",
            "conditions": {
                "recipe_id": "x:repair/iron_sword"
            }
        },
        "leather_boots":{
            "trigger": "recipe_crafted",
            "conditions": {
                "recipe_id": "x:repair/leather_boots"
            }
        },
        "leather_chestplate":{
            "trigger": "recipe_crafted",
            "conditions": {
                "recipe_id": "x:repair/leather_chestplate"
            }
        },
        "leather_helmet":{
            "trigger": "recipe_crafted",
            "conditions": {
                "recipe_id": "x:repair/leather_helmet"
            }
        },
        "leather_leggings":{
            "trigger": "recipe_crafted",
            "conditions": {
                "recipe_id": "x:repair/leather_leggings"
            }
        },
        "mace":{
            "trigger": "recipe_crafted",
            "conditions": {
                "recipe_id": "x:repair/mace"
            }
        },
        "netherite_axe":{
            "trigger": "recipe_crafted",
            "conditions": {
                "recipe_id": "x:repair/netherite_axe"
            }
        },
        "netherite_boots":{
            "trigger": "recipe_crafted",
            "conditions": {
                "recipe_id": "x:repair/netherite_boots"
            }
        },
        "netherite_chestplate":{
            "trigger": "recipe_crafted",
            "conditions": {
                "recipe_id": "x:repair/netherite_chestplate"
            }
        },
        "netherite_helmet":{
            "trigger": "recipe_crafted",
            "conditions": {
                "recipe_id": "x:repair/netherite_helmet"
            }
        },
        "netherite_hoe":{
            "trigger": "recipe_crafted",
            "conditions": {
                "recipe_id": "x:repair/netherite_hoe"
            }
        },
        "netherite_leggings":{
            "trigger": "recipe_crafted",
            "conditions": {
                "recipe_id": "x:repair/netherite_leggings"
            }
        },
        "netherite_pickaxe":{
            "trigger": "recipe_crafted",
            "conditions": {
                "recipe_id": "x:repair/netherite_pickaxe"
            }
        },
        "netherite_shovel":{
            "trigger": "recipe_crafted",
            "conditions": {
                "recipe_id": "x:repair/netherite_shovel"
            }
        },
        "netherite_sword":{
            "trigger": "recipe_crafted",
            "conditions": {
                "recipe_id": "x:repair/netherite_sword"
            }
        },
        "shears":{
            "trigger": "recipe_crafted",
            "conditions": {
                "recipe_id": "x:repair/shears"
            }
        },
        "shield":{
            "trigger": "recipe_crafted",
            "conditions": {
                "recipe_id": "x:repair/shield"
            }
        },
        "stone_axe":{
            "trigger": "recipe_crafted",
            "conditions": {
                "recipe_id": "x:repair/stone_axe"
            }
        },
        "stone_hoe":{
            "trigger": "recipe_crafted",
            "conditions": {
                "recipe_id": "x:repair/stone_hoe"
            }
        },
        "stone_pickaxe":{
            "trigger": "recipe_crafted",
            "conditions": {
                "recipe_id": "x:repair/stone_pickaxe"
            }
        },
        "stone_shovel":{
            "trigger": "recipe_crafted",
            "conditions": {
                "recipe_id": "x:repair/stone_shovel"
            }
        },
        "stone_sword":{
            "trigger": "recipe_crafted",
            "conditions": {
                "recipe_id": "x:repair/stone_sword"
            }
        },
        "trident":{
            "trigger": "recipe_crafted",
            "conditions": {
                "recipe_id": "x:repair/trident"
            }
        },
        "turtle_helmet":{
            "trigger": "recipe_crafted",
            "conditions": {
                "recipe_id": "x:repair/turtle_helmet"
            }
        },
        "warped_fungus_on_a_stick":{
            "trigger": "recipe_crafted",
            "conditions": {
                "recipe_id": "x:repair/warped_fungus_on_a_stick"
            }
        },
        "wooden_axe":{
            "trigger": "recipe_crafted",
            "conditions": {
                "recipe_id": "x:repair/wooden_axe"
            }
        },
        "wooden_hoe":{
            "trigger": "recipe_crafted",
            "conditions": {
                "recipe_id": "x:repair/wooden_hoe"
            }
        },
        "wooden_pickaxe":{
            "trigger": "recipe_crafted",
            "conditions": {
                "recipe_id": "x:repair/wooden_pickaxe"
            }
        },
        "wooden_shovel":{
            "trigger": "recipe_crafted",
            "conditions": {
                "recipe_id": "x:repair/wooden_shovel"
            }
        },
        "wooden_sword":{
            "trigger": "recipe_crafted",
            "conditions": {
                "recipe_id": "x:repair/wooden_sword"
            }
        }
    },
    "requirements": [
        [
            "bow",
            "brush",
            "carrot_on_a_stick",
            "chainmail_boots",
            "chainmail_chestplate",
            "chainmail_helmet",
            "chainmail_leggings",
            "crossbow",
            "diamond_axe",
            "diamond_boots",
            "diamond_chestplate",
            "diamond_helmet",
            "diamond_hoe",
            "diamond_leggings",
            "diamond_pickaxe",
            "diamond_shovel",
            "diamond_sword",
            "elytra",
            "fishing_rod",
            "flint_and_steel",
            "golden_axe",
            "golden_boots",
            "golden_chestplate",
            "golden_helmet",
            "golden_hoe",
            "golden_leggings",
            "golden_pickaxe",
            "golden_shovel",
            "golden_sword",
            "iron_axe",
            "iron_boots",
            "iron_chestplate",
            "iron_helmet",
            "iron_hoe",
            "iron_leggings",
            "iron_pickaxe",
            "iron_shovel",
            "iron_sword",
            "leather_boots",
            "leather_chestplate",
            "leather_helmet",
            "leather_leggings",
            "mace",
            "netherite_axe",
            "netherite_boots",
            "netherite_chestplate",
            "netherite_helmet",
            "netherite_hoe",
            "netherite_leggings",
            "netherite_pickaxe",
            "netherite_shovel",
            "netherite_sword",
            "shears",
            "shield",
            "stone_axe",
            "stone_hoe",
            "stone_pickaxe",
            "stone_shovel",
            "stone_sword",
            "trident",
            "turtle_helmet",
            "warped_fungus_on_a_stick",
            "wooden_axe",
            "wooden_hoe",
            "wooden_pickaxe",
            "wooden_shovel",
            "wooden_sword"
        ]
    ]
}