{
    "parent": "x:the_altar",
    "display": {
        "icon": {
            "id": "lapis_block",
            "components": {
                "enchantment_glint_override": true
            },
            "count": 1
        },
        "title": "祭品",
        "description":"在祭壇周圍放置八個青金石磚作為祭品"
    },
    "criteria": {
        "sacrifice":{
            "trigger": "impossible"
        }
    },
    "requirements": [
        [
            "sacrifice"
        ]
    ]
}