{
    "anvil_cost": 8,
    "description": "穿甲",
    "max_cost": {
        "base": 30,
        "per_level_above_first": 10
    },
    "max_level": 3,
    "min_cost": {
        "base": 15,
        "per_level_above_first": 10
    },
    "slots": [
        "any"
    ],
    "supported_items": [
        "crossbow"
    ],
    "weight": 3,
    "effects": {
        "post_attack": [
            {
                "affected": "victim",
                "enchanted": "attacker",
                "effect": {
                    "type": "damage_entity",
                    "damage_type": "more_enchantments:armor_piercing",
                    "max_damage": {
                        "type": "linear",
                        "base": 2,
                        "per_level_above_first": 1
                    },
                    "min_damage": {
                        "type": "linear",
                        "base": 2,
                        "per_level_above_first": 1
                    }
                },
                "requirements": {
                    "condition": "entity_properties",
                    "entity": "direct_attacker",
                    "predicate": {
                        "type": "#arrows"
                    }
                }
            }
        ],
        "projectile_spawned": [
            {
                "effect": {
                    "type": "run_function",
                    "function": "more_enchantments:enchantments/armor_piercing/add_custom_data"
                }
            }
        ]
    }
}