{
    "anvil_cost": 2,
    "description": "鈍化",
    "max_cost": {
        "base": 35,
        "per_level_above_first": -5
    },
    "max_level": 5,
    "min_cost": {
        "base": 24,
        "per_level_above_first": -5
    },
    "slots": [
        "any"
    ],
    "supported_items": "#swords",
    "weight": 4,
    "effects": {
        "damage": [
            {
                "effect": {
                    "type": "add",
                    "value": {
                        "type": "linear",
                        "base": -0.8,
                        "per_level_above_first": -0.8
                    }
                }
            }
        ]
    },
    "exclusive_set": "#exclusive_set/damage"
}