{
    "anvil_cost": 8,
    "description": "熔煉",
    "max_cost": {
        "base": 65,
        "per_level_above_first": 0
    },
    "max_level": 1,
    "min_cost": {
        "base": 15,
        "per_level_above_first": 0
    },
    "slots": [
        "mainhand"
    ],
    "supported_items": "#pickaxes",
    "weight": 1,
    "effects": {
        "hit_block": [
            {
                "effect": {
                    "type": "run_function",
                    "function": "more_enchantments:enchantments/smelting/summon_marker"
                }
            }
        ]
    },
    "exclusive_set": [
        "silk_touch"
    ]
}