{
    "type": "crafting_shaped",
    "category": "misc",
    "key": {
        "x":"lapis_block",
        "#":"lodestone"
    },
    "pattern": [
        "xxx",
        "x#x",
        "xxx"
    ],
    "result": {
        "id": "armor_stand",
        "components": {
           "item_model":"lodestone",
           "enchantment_glint_override":true,
           "item_name":"淨化祭壇",
           "entity_data":{
            "id":"armor_stand",
            "Tags":[
                "place_altar"
                ],
                "Marker":true,
                "Invisible":true,
                "Small":true
                },
                "max_stack_size":64
        }
    }
}