{
    "anvil_cost": 8,
    "description": "速刃",
    "max_cost": {
        "base": 11,
        "per_level_above_first": 10
    },
    "max_level": 5,
    "min_cost": {
        "base": 1,
        "per_level_above_first": 10
    },
    "slots": [
        "any"
    ],
    "supported_items": "#swords",
    "weight": 10,
    "effects": {
        "attributes": [
            {
                "id": "base_attack_speed",
                "attribute": "attack_speed",
                "operation": "add_value",
                "amount": {
                    "type": "linear",
                    "base": 0.3,
                    "per_level_above_first": 0.3
                }
            }
        ]
    }
}