{
    "anvil_cost": 5,
    "description": "吸血",
    "max_cost": {
        "base": 35,
        "per_level_above_first": 5
    },
    "max_level": 2,
    "min_cost": {
        "base": 15,
        "per_level_above_first": 5
    },
    "slots": [
        "any"
    ],
    "supported_items": "#swords",
    "weight": 3,
    "effects": {
        "post_attack": [
            {
                "affected": "attacker",
                "enchanted": "attacker",
                "effect": {
                    "type": "apply_mob_effect",
                    "to_apply": "instant_health",
                    "max_amplifier": {
                        "type": "linear",
                        "base":0,
                        "per_level_above_first": 0 
                    },
                    "min_amplifier": {
                        "type": "linear",
                        "base": 0,
                        "per_level_above_first": 0
                    },
                    "max_duration": {
                        "type": "linear",
                        "base": 0.05,
                        "per_level_above_first": 0
                    },
                    "min_duration": {
                        "type": "linear",
                        "base": 0.05,
                        "per_level_above_first": 0
                    }
                },
                "requirements": {
                    "condition": "random_chance",
                    "chance": {
                        "type": "enchantment_level",
                        "amount": {
                            "type": "linear",
                            "base": 0.15,
                            "per_level_above_first": 0.05
                        }
                    }
                }
            }
        ]
    }
}