{
    "anvil_cost": 2,
    "description": "浪費",
    "max_cost": {
        "base": 45,
        "per_level_above_first": 0
    },
    "max_level": 1,
    "min_cost": {
        "base": 1,
        "per_level_above_first": 0
    },
    "slots": [
        "any"
    ],
    "supported_items": [
        "bow",
        "crossbow",
        "book"
    ],
    "weight": 1,
    "exclusive_set": [
        "infinity"
    ],
    "effects": {
        "ammo_use": [
            {
                "effect": {
                    "type": "add",
                    "value": 1
                }
            }
        ]
    }
}