{
    "anvil_cost": 8,
    "description": "爆破",
    "max_cost": {
        "base": 16,
        "per_level_above_first": 10
    },
    "max_level": 5,
    "min_cost": {
        "base": 1,
        "per_level_above_first": 10
    },
    "supported_items": [
        "minecraft:bow"
    ],
    "weight": 5,
    "effects": {
        "hit_block": [
            {
                "effect": {
                    "type": "run_function",
                    "function": "x:enchantments/explosion/add_custom_data"
                }
            },
            {
                "effect": {
                    "type":"explode",
                    "large_particle": {
                        "type": "explosion_emitter"
                    },
                    "small_particle": {
                        "type": "explosion"
                    },
                    "radius": {
                        "type": "linear",
                        "base": 0.5,
                        "per_level_above_first": 0.25
                    },
                    "block_interaction":"tnt",
                    "sound": "entity.generic.explode",
                    "create_fire": false,
                    "damage_type": "player_explosion",
                    "offset": [
                        0,0.2,0
                    ],
                    "knockback_multiplier": {
                        "type": "linear",
                        "base": 1,
                        "per_level_above_first": 0.1
                    }
                },
                "requirements": {
                    "condition": "entity_properties",
                    "entity": "this",
                    "predicate": {
                        "nbt": "{data:{exploded:0}}"
                    }
                }
            
            }
        ],
        "post_attack": [
            {
                "affected": "victim",
                "effect": {
                    "type": "explode",
                    "radius": {
                        "type": "linear",
                        "base": 0.5,
                        "per_level_above_first": 0.25
                    },
                    "block_interaction": "tnt",
                    "large_particle": {
                        "type": "explosion_emitter"
                    },
                    "small_particle": {
                        "type": "explosion"
                    },
                    "sound": "entity.generic.explode",
                    "create_fire": false,
                    "damage_type": "explosion",
                    "attribute_to_user": true,
                    "offset": [
                        0,0.2,0
                    ],
                    "knockback_multiplier": {
                        "type": "linear",
                        "base": 1,
                        "per_level_above_first": 0.1
                    }
                },
                "enchanted": "attacker",
                "requirements": {
                    "condition": "entity_properties",
                    "entity": "direct_attacker",
                    "predicate": {
                        "type": "#arrows"
                    }
                }
            }
        ]
    },
    "slots": [
        "mainhand"
    ]
}