{
    "parent": "adventure/avoid_vibration",
    "display": {
        "icon": {
            "id": "echo_shard",
            "count": 1
        },
        "title": "餘音繞樑",
        "description": "取得回聲碎片",
        "announce_to_chat": true,
        "frame": "goal"
    },
    "criteria":{
        "echo_shard":{
            "trigger": "inventory_changed",
            "conditions": {
                "items": [
                    {
                        "items": "echo_shard"
                    }
                ]
            }
        }
    },
    "requirements": [
        [
            "echo_shard"
        ]
    ]
}