{
    "parent": "nether/summon_wither",
    "display": {
        "icon": {
            "id": "nether_star",
            "count": 1
        },
        "title": "驅逐黑暗",
        "description": "擊殺凋零怪",
        "frame": "challenge"
    },
    "criteria": {
        "kill_wither":{
            "trigger": "player_killed_entity",
            "conditions": {
                "entity": {
                    "type": "wither"
                }
            }
        }
    },
    "requirements": [
        [
            "kill_wither"
        ]
    ],
    "rewards": {
        "recipes": [
            "more_enchantments:purifying_altar"
        ]
    }
}