{
    "parent": "more_enchantments:sacrifice",
    "display": {
        "icon": {
            "id": "nether_star",
            "count": 1
        },
        "title": "淨化!",
        "description": "用地獄之星來淨化一件工具或裝備",
        "frame": "goal"
    },
    "criteria": {
        "purified":{
            "trigger": "inventory_changed",
            "conditions": {
                "items": [
                    {
                        "components": {
                            "enchantments": {
                                "more_enchantments:purified": 1
                            }
                        }
                    }
                ]
            }
        }
    },
    "requirements": [
        [
            "purified"
        ]
    ]

}