{
    "parent": "more_enchantments:overtake",
    "display": {
        "icon": {
            "id": "lodestone",
            "components": {
                "enchantment_glint_override": true
            },
            "count": 1
        },
        "title": "淨化儀式",
        "description": "用青金石與磁石合成淨化祭壇",
        "announce_to_chat": true,
        "show_toast": true,
        "frame": "task",
        "hidden": false
    },
    "criteria": {
        "craft":{
            "trigger": "recipe_crafted",
            "conditions": {
                "recipe_id": "more_enchantments:purifying_altar"
            }
        }
    },
    "requirements": [
        [
            "craft"
        ]
    ]
}